{"cameraMode":{"drawMode":0,"name":"Shaded","section":"Shading Mode"},"sceneLighting":true,"audioPlay":false,"sceneViewState":{"m_AlwaysRefresh":false,"showFog":true,"showSkybox":true,"showFlares":true,"showImageEffects":true,"showParticleSystems":true,"showVisualEffectGraphs":true,"m_FxEnabled":true},"in2DMode":false,"pivot":{"x":4.511794090270996,"y":-12.718796730041504,"z":21.61952781677246},"rotation":{"x":-0.28577500581741335,"y":0.0011712184641510249,"z":-0.0003773099451791495,"w":-0.9583167433738709},"size":25.599632263183595,"orthographic":false}